package	path	topology_publicApi	api_policy	package_exports	api_report
@ccd/contracts	packages/contracts	true	true	.	true
@ccd/core	packages/core	true	true	.	true
@ccd/design-tokens	packages/design-tokens	true	true	.,./theme-engine	true
@ccd/unocss-preset	packages/unocss-preset	true	true	.,./browser,./safelist,./theme	true
@ccd/shared-utils	packages/shared-utils	true	true	.	true
@ccd/vue-hooks	packages/vue-hooks	true	true	.	true
@ccd/vue-app-platform	packages/vue-app-platform	true	false	.	false
@ccd/vue-ui	packages/vue-ui	true	true	.,./style.css	true
@ccd/vue-primevue-adapter	packages/vue-primevue-adapter	true	true	.	true
@ccd/vue-charts	packages/vue-charts	true	true	.	true
